{
  "data": {
    "location": [1.3425827, 103.6909927],
    "time": 1
  }
}